chain_name,name,address,latitude,longitude,phone,website,rating,total_ratings,price_level,business_status,opening_hours,google_maps_url,place_id,types,scraped_at
Second Cup,Second Cup,"106 Təbriz küçəsi, Bakı, Azerbaijan",40.403330499999996,49.8728556,050 275 84 97,N/A,4.4,45,N/A,OPERATIONAL,Monday: 10:00 AM – 10:00 PM | Tuesday: 10:00 AM – 10:00 PM | Wednesday: 10:00 AM – 10:00 PM | Thursday: 10:00 AM – 10:00 PM | Friday: 10:00 AM – 10:00 PM | Saturday: 10:00 AM – 10:00 PM | Sunday: 10:00 AM – 10:00 PM,https://maps.google.com/?cid=13376363327383749512&g_mp=Cidnb29nbGUubWFwcy5wbGFjZXMudjEuUGxhY2VzLlNlYXJjaFRleHQQAhgEIAA,ChIJYRT5FOR9MEARiENFQ5Njork,"coffee_shop, cafe, food_store, food, store, point_of_interest, establishment",2025-12-20T11:34:57.044630
Second Cup,Second Cup,"99 Mərkəzi bulvar küçəsi, Bakı, Azerbaijan",40.3841664,49.888127999999995,050 275 84 06,https://www.instagram.com/secondcupazerbaijan/,4.1,21,N/A,OPERATIONAL,Monday: 7:30 AM – 12:30 AM | Tuesday: 7:30 AM – 12:30 AM | Wednesday: 7:30 AM – 12:30 AM | Thursday: 7:30 AM – 12:30 AM | Friday: 7:30 AM – 12:30 AM | Saturday: 7:30 AM – 12:30 AM | Sunday: 7:30 AM – 12:30 AM,https://maps.google.com/?cid=11690087327228942128&g_mp=Cidnb29nbGUubWFwcy5wbGFjZXMudjEuUGxhY2VzLlNlYXJjaFRleHQQAhgEIAA,ChIJzUbJX5d9MEARMNfGxHyIO6I,"coffee_shop, cafe, food_store, food, store, point_of_interest, establishment",2025-12-20T11:34:57.349727
Second Cup,Second Cup,"54 Mehdi Mehdizadə küç., Bakı, Azerbaijan",40.3810703,49.8670318,050 275 93 00,N/A,4.5,70,N/A,OPERATIONAL,Monday: 7:30 AM – 12:30 AM | Tuesday: 7:30 AM – 12:30 AM | Wednesday: 7:30 AM – 12:30 AM | Thursday: 7:30 AM – 12:30 AM | Friday: 7:30 AM – 12:30 AM | Saturday: 7:30 AM – 12:30 AM | Sunday: 7:30 AM – 12:30 AM,https://maps.google.com/?cid=10461810506740048984&g_mp=Cidnb29nbGUubWFwcy5wbGFjZXMudjEuUGxhY2VzLlNlYXJjaFRleHQQAhgEIAA,ChIJP9dcnEh9MEARWKSwETrRL5E,"coffee_shop, cafe, food_store, food, store, point_of_interest, establishment",2025-12-20T11:34:57.654879
Second Cup,Second Cup,"37 Bakıxanov Küçəsi, Bakı, Azerbaijan",40.3909978,49.845824199999996,051 207 55 77,N/A,4.3,133,N/A,OPERATIONAL,Monday: 7:30 AM – 12:30 AM | Tuesday: 7:30 AM – 12:30 AM | Wednesday: 7:30 AM – 12:30 AM | Thursday: 7:30 AM – 12:30 AM | Friday: 7:30 AM – 12:30 AM | Saturday: 7:30 AM – 12:30 AM | Sunday: 7:30 AM – 12:30 AM,https://maps.google.com/?cid=2825101967425184356&g_mp=Cidnb29nbGUubWFwcy5wbGFjZXMudjEuUGxhY2VzLlNlYXJjaFRleHQQAhgEIAA,ChIJ-RLvsWt9MEARZKKidkXHNCc,"coffee_shop, cafe, food_store, food, store, point_of_interest, establishment",2025-12-20T11:34:57.960079
Second Cup,Second Cup,"151 Neftçilər Prospekti, Bakı, Azerbaijan",40.3754673,49.8610878,050 284 01 14,N/A,4.5,43,N/A,OPERATIONAL,Monday: 7:30 AM – 12:00 AM | Tuesday: 7:30 AM – 12:00 AM | Wednesday: 7:00 AM – 12:00 AM | Thursday: 7:30 AM – 12:00 AM | Friday: 7:30 AM – 12:00 AM | Saturday: 7:30 AM – 12:00 AM | Sunday: 7:30 AM – 12:00 AM,https://maps.google.com/?cid=14339228979471336970&g_mp=Cidnb29nbGUubWFwcy5wbGFjZXMudjEuUGxhY2VzLlNlYXJjaFRleHQQAhgEIAA,ChIJP6NoRs99MEARCkZgysgs_8Y,"coffee_shop, cafe, food_store, food, store, point_of_interest, establishment",2025-12-20T11:34:58.262567
Second Cup,Second Cup,"Afiyəddin Cəlilov 1, Bakı, Azerbaijan",40.3777931,49.863124799999994,050 275 93 25,https://www.instagram.com/secondcupazerbaijan,4.1,29,N/A,OPERATIONAL,Monday: 7:30 AM – 12:30 AM | Tuesday: 7:30 AM – 12:30 AM | Wednesday: 7:30 AM – 12:30 AM | Thursday: 7:30 AM – 12:30 AM | Friday: 7:30 AM – 12:30 AM | Saturday: 7:30 AM – 12:30 AM | Sunday: 7:30 AM – 12:30 AM,https://maps.google.com/?cid=6217909170927413487&g_mp=Cidnb29nbGUubWFwcy5wbGFjZXMudjEuUGxhY2VzLlNlYXJjaFRleHQQAhgEIAA,ChIJ_UQAPSt9MEAR76jFcnJzSlY,"coffee_shop, cafe, food_store, food, store, point_of_interest, establishment",2025-12-20T11:34:58.567670
Second Cup,Second Cup,"1 Məhəmməd Naxçıvani, Bakı, Azerbaijan",40.3825947,49.8237737,051 230 05 15,N/A,4.2,63,N/A,OPERATIONAL,Monday: 7:30 AM – 12:00 AM | Tuesday: 7:30 AM – 12:00 AM | Wednesday: 7:30 AM – 12:00 AM | Thursday: 7:30 AM – 12:00 AM | Friday: 7:30 AM – 12:00 AM | Saturday: 7:30 AM – 12:00 AM | Sunday: 7:30 AM – 12:00 AM,https://maps.google.com/?cid=6520565982881719798&g_mp=Cidnb29nbGUubWFwcy5wbGFjZXMudjEuUGxhY2VzLlNlYXJjaFRleHQQAhgEIAA,ChIJW2TG0Fx9MEAR9iUpyDa0fVo,"coffee_shop, cafe, food_store, food, store, point_of_interest, establishment",2025-12-20T11:34:58.872789
Second Cup,Second Cup,"4 Məmmədəmin Rəsulzadə, Bakı, Azerbaijan",40.3683487,49.838328499999996,050 251 51 80,http://www.mysecondcup.com/,4,340,N/A,OPERATIONAL,Monday: 7:30 AM – 1:00 AM | Tuesday: 7:30 AM – 1:00 AM | Wednesday: 7:30 AM – 1:00 AM | Thursday: 7:30 AM – 1:00 AM | Friday: 7:30 AM – 1:00 AM | Saturday: 7:30 AM – 1:00 AM | Sunday: 7:30 AM – 1:00 AM,https://maps.google.com/?cid=8542518639797360691&g_mp=Cidnb29nbGUubWFwcy5wbGFjZXMudjEuUGxhY2VzLlNlYXJjaFRleHQQAhgEIAA,ChIJvx4Fpo59MEARM1hGVHEfjXY,"coffee_shop, cafe, food_store, food, store, point_of_interest, establishment",2025-12-20T11:34:59.177958
Starbucks,Starbucks Ganjlik Mall,"Ganjlik Mall, 830-835 Fətəli Xan Xoyski, Bakı, Azerbaijan",40.400181599999996,49.8520797,(012) 404 84 98,http://www.starbucks.az/?utm_source=gbp&utm_medium=yext&y_source=1_MTAyMDc2NjE2Ni03MTUtbG9jYXRpb24ud2Vic2l0ZQ%3D%3D,4.1,266,N/A,OPERATIONAL,Monday: 8:00 AM – 11:30 PM | Tuesday: 8:00 AM – 11:30 PM | Wednesday: 8:00 AM – 11:30 PM | Thursday: 8:00 AM – 11:30 PM | Friday: 8:00 AM – 11:30 PM | Saturday: 8:00 AM – 11:30 PM | Sunday: 8:00 AM – 11:30 PM,https://maps.google.com/?cid=12568269807144944118&g_mp=Cidnb29nbGUubWFwcy5wbGFjZXMudjEuUGxhY2VzLlNlYXJjaFRleHQQAhgEIAA,ChIJh6L0imd9MEAR9kEk0Mx2a64,"coffee_shop, cafe, food_store, store, food, point_of_interest, establishment",2025-12-20T11:35:00.330055
Starbucks,Starbucks,"CV28+54J, Həsənoğlu, Bakı, Azerbaijan",40.400306,49.865378799999995,N/A,https://www.starbucks.az/,4,4,N/A,OPERATIONAL,Monday: 8:00 AM – 12:00 AM | Tuesday: 8:00 AM – 12:00 AM | Wednesday: 8:00 AM – 12:00 AM | Thursday: 8:00 AM – 12:00 AM | Friday: 8:00 AM – 12:00 AM | Saturday: 8:00 AM – 12:00 AM | Sunday: 8:00 AM – 12:00 AM,https://maps.google.com/?cid=17457752251679908058&g_mp=Cidnb29nbGUubWFwcy5wbGFjZXMudjEuUGxhY2VzLlNlYXJjaFRleHQQAhgEIAA,ChIJu8oCGgB9MEAR2iAogi1lRvI,"coffee_shop, cafe, food_store, store, food, point_of_interest, establishment",2025-12-20T11:35:00.635221
Starbucks,Starbucks,"8 Məmmədəmin Rəsulzadə, Bakı, Azerbaijan",40.3695574,49.8371518,(012) 404 81 09,http://www.starbucks.az/?utm_source=gbp&utm_medium=yext&y_source=1_MTAyMDc2NjE3MS03MTUtbG9jYXRpb24ud2Vic2l0ZQ%3D%3D,4.3,848,PRICE_LEVEL_MODERATE,OPERATIONAL,Monday: 8:00 AM – 11:00 PM | Tuesday: 8:00 AM – 11:00 PM | Wednesday: 8:00 AM – 11:00 PM | Thursday: 8:00 AM – 11:00 PM | Friday: 8:00 AM – 11:30 PM | Saturday: 8:00 AM – 11:30 PM | Sunday: 8:00 AM – 11:30 PM,https://maps.google.com/?cid=12452485505317832044&g_mp=Cidnb29nbGUubWFwcy5wbGFjZXMudjEuUGxhY2VzLlNlYXJjaFRleHQQAhgEIAA,ChIJOTDfxbZ9MEARbIUrS5cd0Kw,"coffee_shop, cafe, food_store, store, food, point_of_interest, establishment",2025-12-20T11:35:00.940414
Starbucks,Starbucks PortBaku,"Port Mall, 151 Neftçilər Prospekti, Bakı, Azerbaijan",40.375332400000005,49.8611474,(012) 404 88 72,http://starbucks.com/?utm_source=gbp&utm_medium=yext&y_source=1_MTAyMDc2NjE2OS03MTUtbG9jYXRpb24ud2Vic2l0ZQ%3D%3D,4.3,239,N/A,OPERATIONAL,Monday: 8:00 AM – 11:30 PM | Tuesday: 8:00 AM – 11:30 PM | Wednesday: 8:00 AM – 11:30 PM | Thursday: 8:00 AM – 11:30 PM | Friday: 8:00 AM – 11:30 PM | Saturday: 8:00 AM – 11:30 PM | Sunday: 8:00 AM – 11:30 PM,https://maps.google.com/?cid=2687304842017094455&g_mp=Cidnb29nbGUubWFwcy5wbGFjZXMudjEuUGxhY2VzLlNlYXJjaFRleHQQAhgEIAA,ChIJpVPKmAF9MEARN7udD4Q5SyU,"coffee_shop, cafe, food_store, store, food, point_of_interest, establishment",2025-12-20T11:35:01.244923
Starbucks,Starbucks (28 Mall),"28 Mall, 16/21 Azadlıq Prospekti, Bakı, Azerbaijan",40.3789839,49.8465938,(012) 404 83 62,N/A,4.1,231,N/A,OPERATIONAL,Monday: 9:00 AM – 10:00 PM | Tuesday: 9:00 AM – 10:00 PM | Wednesday: 9:00 AM – 10:00 PM | Thursday: 9:00 AM – 10:00 PM | Friday: 9:00 AM – 10:00 PM | Saturday: 9:00 AM – 10:00 PM | Sunday: 9:00 AM – 10:00 PM,https://maps.google.com/?cid=5969385746609011682&g_mp=Cidnb29nbGUubWFwcy5wbGFjZXMudjEuUGxhY2VzLlNlYXJjaFRleHQQAhgEIAA,ChIJH0PBr6d9MEAR4vvombWE11I,"coffee_shop, cafe, food_store, store, food, point_of_interest, establishment",2025-12-20T11:35:01.547858
Starbucks,Starbucks,"64 Neftçilər Prospekti, Bakı 1010, Azerbaijan",40.373841899999995,49.8605205,(012) 310 38 50,https://www.starbucks.az/,3.1,24,N/A,OPERATIONAL,Monday: 8:00 AM – 11:00 PM | Tuesday: 8:00 AM – 11:00 PM | Wednesday: 8:00 AM – 11:00 PM | Thursday: 8:00 AM – 11:00 PM | Friday: 8:00 AM – 11:00 PM | Saturday: 8:00 AM – 11:00 PM | Sunday: 8:00 AM – 11:00 PM,https://maps.google.com/?cid=14283289712710037864&g_mp=Cidnb29nbGUubWFwcy5wbGFjZXMudjEuUGxhY2VzLlNlYXJjaFRleHQQAhgEIAA,ChIJZR68UQB9MEARaLESTlFwOMY,"coffee_shop, cafe, food_store, store, food, point_of_interest, establishment",2025-12-20T11:35:01.850677
Starbucks,Starbucks,"108 Neftchilar Ave, Baku, Azerbaijan",40.358799399999995,49.8373391,055 493 35 79,https://www.starbucks.az/?utm_source=gbp&utm_medium=yext&y_source=1_MTAyMDc2NjE3MC03MTUtbG9jYXRpb24ud2Vic2l0ZQ%3D%3D,4.1,138,N/A,OPERATIONAL,Monday: 9:00 AM – 11:30 PM | Tuesday: 9:00 AM – 11:30 PM | Wednesday: 9:00 AM – 11:30 PM | Thursday: 9:00 AM – 11:30 PM | Friday: 9:00 AM – 11:30 PM | Saturday: 9:00 AM – 11:30 PM | Sunday: 9:00 AM – 11:30 PM,https://maps.google.com/?cid=17734389465258217484&g_mp=Cidnb29nbGUubWFwcy5wbGFjZXMudjEuUGxhY2VzLlNlYXJjaFRleHQQAhgEIAA,ChIJ8y2Lp1J9MEARDFAlAUI1HfY,"coffee_shop, cafe, food_store, store, food, point_of_interest, establishment",2025-12-20T11:35:02.155016
Starbucks,Starbucks,"City Globus Center, Yasamal district, 609 Cəfər Cabbarlı küçəsi, Bakı, Azerbaijan",40.385258799999995,49.8282448,(012) 310 39 92,https://www.starbucks.az/?utm_source=gbp&utm_medium=yext&y_source=1_MTAyMDc2NjE2Ny03MTUtbG9jYXRpb24ud2Vic2l0ZQ%3D%3D,4.1,40,N/A,OPERATIONAL,Monday: 8:00 AM – 11:30 PM | Tuesday: 8:00 AM – 11:30 PM | Wednesday: 8:00 AM – 11:30 PM | Thursday: 8:00 AM – 11:30 PM | Friday: 8:00 AM – 11:30 PM | Saturday: 8:00 AM – 11:30 PM | Sunday: 8:00 AM – 11:30 PM,https://maps.google.com/?cid=11995146643373693497&g_mp=Cidnb29nbGUubWFwcy5wbGFjZXMudjEuUGxhY2VzLlNlYXJjaFRleHQQAhgEIAA,ChIJn2T8l7B9MEARORoCs1FSd6Y,"coffee_shop, cafe, food_store, store, food, point_of_interest, establishment",2025-12-20T11:35:02.460202
Gloria Jeans Coffee,Gloria Jean's Coffees Atatürk pr.,"140 Atatürk prospekti, Bakı, Azerbaijan",40.4126753,49.8465649,N/A,N/A,4.3,38,N/A,OPERATIONAL,Monday: 8:30 AM – 11:00 PM | Tuesday: 8:30 AM – 11:00 PM | Wednesday: 8:30 AM – 11:00 PM | Thursday: 8:30 AM – 11:00 PM | Friday: 8:30 AM – 11:00 PM | Saturday: 8:30 AM – 11:00 PM | Sunday: 8:30 AM – 11:00 PM,https://maps.google.com/?cid=2170500437430869683&g_mp=Cidnb29nbGUubWFwcy5wbGFjZXMudjEuUGxhY2VzLlNlYXJjaFRleHQQAhgEIAA,ChIJZz91FeyHMEARs57l5aUqHx4,"coffee_shop, cafe, food_store, food, store, point_of_interest, establishment",2025-12-20T11:35:03.678372
Gloria Jeans Coffee,Gloria Jean’s Coffees PBR,"57 Üzeyir Hacıbəyov Bakı AZ, 1010 Üzeyir Hacıbəyov, Bakı, Azerbaijan",40.376552499999995,49.8598176,051 252 43 34,https://instagram.com/gloriajeanscoffeesazerbaijan,4.3,13,N/A,OPERATIONAL,Monday: 8:30 AM – 11:00 PM | Tuesday: 8:30 AM – 11:00 PM | Wednesday: 8:30 AM – 11:00 PM | Thursday: 8:30 AM – 11:00 PM | Friday: 8:30 AM – 11:00 PM | Saturday: 8:30 AM – 11:00 PM | Sunday: 8:30 AM – 11:00 PM,https://maps.google.com/?cid=10103727332245403275&g_mp=Cidnb29nbGUubWFwcy5wbGFjZXMudjEuUGxhY2VzLlNlYXJjaFRleHQQAhgEIAA,ChIJLTMPWPp9MEARi3bkEXqmN4w,"coffee_shop, cafe, food_store, food, store, point_of_interest, establishment",2025-12-20T11:35:03.983522
Gloria Jeans Coffee,Gloria Jean’s coffee,"57b Azərbaycan Prospekti, Bakı 1009, Azerbaijan",40.3730441,49.832790499999994,N/A,N/A,4.1,50,N/A,OPERATIONAL,Monday: 8:30 AM – 11:00 PM | Tuesday: 8:30 AM – 11:00 PM | Wednesday: 8:30 AM – 11:00 PM | Thursday: 8:30 AM – 11:00 PM | Friday: 8:30 AM – 11:00 PM | Saturday: 8:30 AM – 11:00 PM | Sunday: 8:30 AM – 11:00 PM,https://maps.google.com/?cid=12836908223618532306&g_mp=Cidnb29nbGUubWFwcy5wbGFjZXMudjEuUGxhY2VzLlNlYXJjaFRleHQQAhgEIAA,ChIJG3S7a_t9MEAR0sMSOwTcJbI,"coffee_shop, cafe, food_store, food, store, point_of_interest, establishment",2025-12-20T11:35:04.287084
Gloria Jeans Coffee,Gloria Jean's Coffees,"31a 28 May St, Baku 1010, Azerbaijan",40.376709999999996,49.8475304,N/A,N/A,4.4,35,N/A,OPERATIONAL,Monday: 8:30 AM – 11:00 PM | Tuesday: 8:30 AM – 11:00 PM | Wednesday: 8:30 AM – 11:00 PM | Thursday: 8:30 AM – 11:00 PM | Friday: 8:30 AM – 11:00 PM | Saturday: 8:30 AM – 11:00 PM | Sunday: 8:30 AM – 11:00 PM,https://maps.google.com/?cid=11553075714337692323&g_mp=Cidnb29nbGUubWFwcy5wbGFjZXMudjEuUGxhY2VzLlNlYXJjaFRleHQQAhgEIAA,ChIJGXCxLgB9MEARo1pKwCbFVKA,"coffee_shop, cafe, food_store, food, store, point_of_interest, establishment",2025-12-20T11:35:04.592212
Gloria Jeans Coffee,Gloria Jean's Coffees,"Baku, Azerbaijan",40.3677936,49.8389488,N/A,https://www.gloriajeans.com/?utm_term=plcid_9319673939560834368&utm_source=google&utm_medium=organic&utm_campaign=Google%20My%20Business&utm_content=Gloria%20Jean%27s%20Coffees%20Istiqlaliyyat%20str%20-%20Baku,4.2,403,PRICE_LEVEL_MODERATE,OPERATIONAL,Monday: 8:30 AM – 11:00 PM | Tuesday: 8:30 AM – 11:00 PM | Wednesday: 8:30 AM – 11:00 PM | Thursday: 8:30 AM – 11:00 PM | Friday: 8:30 AM – 11:00 PM | Saturday: 8:30 AM – 11:00 PM | Sunday: 8:30 AM – 11:00 PM,https://maps.google.com/?cid=2168273421934074067&g_mp=Cidnb29nbGUubWFwcy5wbGFjZXMudjEuUGxhY2VzLlNlYXJjaFRleHQQAhgEIAA,ChIJ6-1PPrR9MEAR0xhNcjBBFx4,"cafe, food, point_of_interest, establishment",2025-12-20T11:35:04.897358
Gloria Jeans Coffee,Gloria Jean's Coffees,"Port Mall, 151 Neftçilər Prospekti, Bakı, Azerbaijan",40.3758451,49.8608604,(012) 464 06 13,https://www.gloriajeans.com/?utm_term=plcid_12695717668370000666&utm_source=google&utm_medium=organic&utm_campaign=Google%20My%20Business&utm_content=Gloria%20Jean%27s%20Coffees%20PBR%20-%20Bak%C4%B1,4.2,100,N/A,OPERATIONAL,Monday: 8:00 AM – 11:00 PM | Tuesday: 8:00 AM – 11:00 PM | Wednesday: 8:00 AM – 11:00 PM | Thursday: 8:00 AM – 11:00 PM | Friday: 8:00 AM – 11:00 PM | Saturday: 8:00 AM – 11:00 PM | Sunday: 8:00 AM – 11:00 PM,https://maps.google.com/?cid=6893263229940067321&g_mp=Cidnb29nbGUubWFwcy5wbGFjZXMudjEuUGxhY2VzLlNlYXJjaFRleHQQAhgEIAA,ChIJ9xMyAgF9MEAR-evWs2LKqV8,"coffee_shop, cafe, food_store, food, store, point_of_interest, establishment",2025-12-20T11:35:05.201552
Gloria Jeans Coffee,Gloria Jean's Coffees Caspian Plaza,"Caspian Business Center, 42 J. Jabbarli, Baku, Azerbaijan",40.384819,49.8289261,(012) 310 35 17,https://www.gloriajeans.com/?utm_term=plcid_609719863158083062&utm_source=google&utm_medium=organic&utm_campaign=Google+My+Business&utm_content=Gloria+Jean%27s+Coffees+Caspian+Plaza+-+Baku,4.1,80,N/A,OPERATIONAL,Monday: 8:30 AM – 11:00 PM | Tuesday: 8:30 AM – 11:00 PM | Wednesday: 8:30 AM – 11:00 PM | Thursday: 8:30 AM – 11:00 PM | Friday: 8:30 AM – 11:00 PM | Saturday: 8:30 AM – 11:00 PM | Sunday: 8:30 AM – 11:00 PM,https://maps.google.com/?cid=15331592315193784399&g_mp=Cidnb29nbGUubWFwcy5wbGFjZXMudjEuUGxhY2VzLlNlYXJjaFRleHQQAhgEIAA,ChIJZTRKJmN9MEART_g7_PrBxNQ,"coffee_shop, cafe, food_store, food, store, point_of_interest, establishment",2025-12-20T11:35:05.503751
Gloria Jeans Coffee,Gloria Jean's Coffees Ganjlik Mall,"Ganjlik Mall, Fətəli Xan Xoyski, Bakı, Azerbaijan",40.4001143,49.8527217,N/A,https://www.gloriajeans.com.tr/?utm_term=plcid_8021781900087048743&utm_source=google&utm_medium=organic&utm_campaign=Google+My+Business&utm_content=Gloria+Jean%27s+Coffees+Ganjlik+Mall+-+Bak%C4%B1,3.3,31,N/A,OPERATIONAL,Monday: 9:00 AM – 11:00 PM | Tuesday: 9:00 AM – 11:00 PM | Wednesday: 9:00 AM – 11:00 PM | Thursday: 9:00 AM – 11:00 PM | Friday: 9:00 AM – 11:00 PM | Saturday: 9:00 AM – 11:00 PM | Sunday: 9:00 AM – 11:00 PM,https://maps.google.com/?cid=15100988560978311594&g_mp=Cidnb29nbGUubWFwcy5wbGFjZXMudjEuUGxhY2VzLlNlYXJjaFRleHQQAhgEIAA,ChIJXzd1XF19MEARqnlZdhZ9kdE,"coffee_shop, cafe, food_store, food, store, point_of_interest, establishment",2025-12-20T11:35:05.808948
Gloria Jeans Coffee,Gloria Jean's Coffees Bulvar,"Park Bulvar, 1-ci mərtəbə, Bakı, Azerbaijan",40.370517899999996,49.8498431,050 265 60 65,N/A,3.6,47,N/A,OPERATIONAL,Monday: 8:30 AM – 11:00 PM | Tuesday: 8:30 AM – 11:00 PM | Wednesday: 8:30 AM – 11:00 PM | Thursday: 8:30 AM – 11:00 PM | Friday: 8:30 AM – 11:00 PM | Saturday: 8:30 AM – 11:00 PM | Sunday: 8:30 AM – 11:00 PM,https://maps.google.com/?cid=16574696263168073403&g_mp=Cidnb29nbGUubWFwcy5wbGFjZXMudjEuUGxhY2VzLlNlYXJjaFRleHQQAhgEIAA,ChIJmQ0nLUR9MEARu54gUm8mBeY,"coffee_shop, cafe, food_store, food, store, point_of_interest, establishment",2025-12-20T11:35:06.114059
Gloria Jeans Coffee,Gloria Jean's,"17 Səməd Vurğun, Bakı 1005, Azerbaijan",40.374077,49.8418097,N/A,N/A,4.5,66,N/A,OPERATIONAL,Monday: 8:30 AM – 11:00 PM | Tuesday: 8:30 AM – 11:00 PM | Wednesday: 8:30 AM – 11:00 PM | Thursday: 8:30 AM – 11:00 PM | Friday: 8:30 AM – 11:00 PM | Saturday: 8:30 AM – 11:00 PM | Sunday: 8:30 AM – 11:00 PM,https://maps.google.com/?cid=7801098012153666594&g_mp=Cidnb29nbGUubWFwcy5wbGFjZXMudjEuUGxhY2VzLlNlYXJjaFRleHQQAhgEIAA,ChIJedL_3YZ9MEARItxsYE8RQ2w,"coffee_shop, cafe, food_store, food, store, point_of_interest, establishment",2025-12-20T11:35:06.419229
Gloria Jeans Coffee,Gloria Jeans Coffe,"CR2Q+58W, Azadlıq Prospekti, Bakı, Azerbaijan",40.400496,49.838342499999996,N/A,N/A,3.9,16,N/A,OPERATIONAL,N/A,https://maps.google.com/?cid=7365006347715116354&g_mp=Cidnb29nbGUubWFwcy5wbGFjZXMudjEuUGxhY2VzLlNlYXJjaFRleHQQAhgEIAA,ChIJZ7oGdAB9MEARQn0OdEDCNWY,"coffee_shop, cafe, food_store, food, store, point_of_interest, establishment",2025-12-20T11:35:06.721558
Gloria Jeans Coffee,Gloria Jean's Coffees (Cresent Mall),"152 Neftçilər Prospekti, Bakı, Azerbaijan",40.3736484,49.8588739,N/A,https://www.instagram.com/gloriajeanscoffeesazerbaijan,3.8,28,N/A,OPERATIONAL,N/A,https://maps.google.com/?cid=8188775136839584775&g_mp=Cidnb29nbGUubWFwcy5wbGFjZXMudjEuUGxhY2VzLlNlYXJjaFRleHQQAhgEIAA,ChIJ9fq7ZAB9MEARB8zf2JlfpHE,"coffee_shop, cafe, food_store, food, store, point_of_interest, establishment",2025-12-20T11:35:07.026739
Gloria Jeans Coffee,Gloria Jean's Coffees 28 Mall,"1014, 4 Azadliq Ave, Baku 1014, Azerbaijan",40.379027,49.846769599999995,N/A,https://www.gloriajeans.com/?utm_term=plcid_5474922845497134746&utm_source=google&utm_medium=organic&utm_campaign=Google+My+Business&utm_content=Gloria+Jean%27s+Coffees+28+Mall+-+Baku,3.3,33,N/A,OPERATIONAL,N/A,https://maps.google.com/?cid=191558636242009941&g_mp=Cidnb29nbGUubWFwcy5wbGFjZXMudjEuUGxhY2VzLlNlYXJjaFRleHQQAhgEIAA,ChIJE_YChwN9MEARVf_ckpCNqAI,"coffee_shop, cafe, food_store, food, store, point_of_interest, establishment",2025-12-20T11:35:07.330239
Costa Coffee,Costa Coffee Deniz Mall,"26a Neftçilər Prospekti, Bakı, Azerbaijan",40.3579959,49.837319,N/A,http://www.costacoffee.az/,3.8,30,N/A,OPERATIONAL,N/A,https://maps.google.com/?cid=18441152879128326597&g_mp=Cidnb29nbGUubWFwcy5wbGFjZXMudjEuUGxhY2VzLlNlYXJjaFRleHQQAhgEIAA,ChIJlUh_u1B9MEARxbEdkdYi7P8,"coffee_shop, cafe, food_store, store, food, point_of_interest, establishment",2025-12-20T11:35:08.192323
Costa Coffee,Costa Coffee Ganjlik,"Ganjlik Mall, 14 Fətəli Xan Xoyski, Bakı, Azerbaijan",40.4004975,49.8536289,N/A,N/A,3.6,45,N/A,OPERATIONAL,Monday: 8:00 AM – 11:00 PM | Tuesday: 8:00 AM – 11:00 PM | Wednesday: 8:00 AM – 11:00 PM | Thursday: 8:00 AM – 11:00 PM | Friday: 8:00 AM – 11:00 PM | Saturday: 8:00 AM – 11:00 PM | Sunday: 8:00 AM – 11:00 PM,https://maps.google.com/?cid=7814339602096285403&g_mp=Cidnb29nbGUubWFwcy5wbGFjZXMudjEuUGxhY2VzLlNlYXJjaFRleHQQAhgEIAA,ChIJB_jdGQB9MEAR22Y3SXcccmw,"coffee_shop, cafe, food_store, store, food, point_of_interest, establishment",2025-12-20T11:35:08.496884
Costa Coffee,Costa Coffee Nargiz Mall,"43C Nigar Rəfibəyli, Bakı 1005, Azerbaijan",40.370805,49.8345996,N/A,N/A,3.9,26,N/A,OPERATIONAL,Monday: 8:00 AM – 11:00 PM | Tuesday: 8:00 AM – 11:00 PM | Wednesday: 8:00 AM – 11:00 PM | Thursday: 8:00 AM – 11:00 PM | Friday: 8:00 AM – 11:00 PM | Saturday: 8:00 AM – 11:00 PM | Sunday: 8:00 AM – 11:00 PM,https://maps.google.com/?cid=6637648708068699683&g_mp=Cidnb29nbGUubWFwcy5wbGFjZXMudjEuUGxhY2VzLlNlYXJjaFRleHQQAhgEIAA,ChIJXWil1xB9MEARI-5DDFWqHVw,"coffee_shop, cafe, food_store, store, food, point_of_interest, establishment",2025-12-20T11:35:08.802043
Costa Coffee,Costa Coffee Globus Center,"609 Cəfər Cabbarlı küçəsi, Bakı, Azerbaijan",40.385019799999995,49.828204899999996,N/A,N/A,4.5,36,N/A,OPERATIONAL,Monday: 8:00 AM – 11:00 PM | Tuesday: 8:00 AM – 11:00 PM | Wednesday: 8:00 AM – 11:00 PM | Thursday: 8:00 AM – 11:00 PM | Friday: 8:00 AM – 11:00 PM | Saturday: 8:00 AM – 11:00 PM | Sunday: 8:00 AM – 11:00 PM,https://maps.google.com/?cid=5512210850034286559&g_mp=Cidnb29nbGUubWFwcy5wbGFjZXMudjEuUGxhY2VzLlNlYXJjaFRleHQQAhgEIAA,ChIJVTRlYAd9MEAR3_9YK5BOf0w,"coffee_shop, cafe, food_store, store, food, point_of_interest, establishment",2025-12-20T11:35:09.107211
Costa Coffee,Costa Coffee Sea Breeze,"Sea Breeze Beach, Baku, Azerbaijan",40.5913853,49.9853678,N/A,https://www.instagram.com/costacoffee_azerbaijan/,4.7,16,N/A,OPERATIONAL,Monday: 8:00 AM – 11:00 PM | Tuesday: 8:00 AM – 11:00 PM | Wednesday: 8:00 AM – 11:00 PM | Thursday: 8:00 AM – 11:00 PM | Friday: 8:00 AM – 12:00 AM | Saturday: 8:00 AM – 12:00 AM | Sunday: 8:00 AM – 11:00 PM,https://maps.google.com/?cid=1003090508973477915&g_mp=Cidnb29nbGUubWFwcy5wbGFjZXMudjEuUGxhY2VzLlNlYXJjaFRleHQQAhgEIAA,ChIJPcUR_4bzMEARGxDu2ICx6w0,"coffee_shop, cafe, food_store, store, food, point_of_interest, establishment",2025-12-20T11:35:09.411029
Costa Coffee,Costa Coffee,"65 Asəf Zeynallı küç, Bakı, Azerbaijan",40.3661362,49.836663599999994,N/A,https://www.instagram.com/costacoffee_azerbaijan,4.1,45,N/A,OPERATIONAL,N/A,https://maps.google.com/?cid=12028535877985270166&g_mp=Cidnb29nbGUubWFwcy5wbGFjZXMudjEuUGxhY2VzLlNlYXJjaFRleHQQAhgEIAA,ChIJWUGHNwB9MEARlnlar6bx7aY,"coffee_shop, cafe, food_store, store, food, point_of_interest, establishment",2025-12-20T11:35:09.715722
Costa Coffee,Costa Coffee Port Baku 2,"153 Neftçilər Prospekti, Bakı, Azerbaijan",40.3756047,49.8626937,N/A,https://www.instagram.com/costacoffee_azerbaijan/,4,10,N/A,OPERATIONAL,Monday: 8:00 AM – 11:00 PM | Tuesday: 8:00 AM – 11:00 PM | Wednesday: 8:00 AM – 11:00 PM | Thursday: 8:00 AM – 11:00 PM | Friday: 8:00 AM – 11:00 PM | Saturday: 8:00 AM – 11:00 PM | Sunday: 8:00 AM – 11:00 PM,https://maps.google.com/?cid=9018537085668571125&g_mp=Cidnb29nbGUubWFwcy5wbGFjZXMudjEuUGxhY2VzLlNlYXJjaFRleHQQAhgEIAA,ChIJPU9WTbh9MEAR9Tf2eLJHKH0,"coffee_shop, cafe, food_store, store, food, point_of_interest, establishment",2025-12-20T11:35:10.016506
Coffeedelia,CoffeeLea Dədə Qorqud,"Ceyhunbəy Hacıbəyli, Bakı, Azerbaijan",40.3906148,49.8463339,051 300 51 56,https://www.instagram.com/coffeeleabaku/,4.9,250,N/A,OPERATIONAL,Monday: 8:00 AM – 1:00 AM | Tuesday: 8:00 AM – 1:00 AM | Wednesday: 8:00 AM – 1:00 AM | Thursday: 8:00 AM – 1:00 AM | Friday: 8:00 AM – 1:00 AM | Saturday: 8:00 AM – 1:00 AM | Sunday: 9:00 AM – 1:00 AM,https://maps.google.com/?cid=6283393850545568582&g_mp=Cidnb29nbGUubWFwcy5wbGFjZXMudjEuUGxhY2VzLlNlYXJjaFRleHQQAhgEIAA,ChIJ1_FN_bd9MEARRnukjWoZM1c,"coffee_shop, cafe, food_store, store, food, point_of_interest, establishment",2025-12-20T11:35:11.131116
Coffeemania,Coffeemania Next Narimanov,"46e Aşıq Molla Cümə, Bakı, Azerbaijan",40.4127522,49.8544838,051 290 80 50,https://instagram.com/coffeemanianextaz?igshid=MzRlODBiNWFlZA==,4.2,65,N/A,OPERATIONAL,Monday: 8:00 AM – 12:00 AM | Tuesday: 8:00 AM – 12:00 AM | Wednesday: 8:00 AM – 12:00 AM | Thursday: 8:00 AM – 12:00 AM | Friday: 8:00 AM – 12:00 AM | Saturday: 8:00 AM – 12:00 AM | Sunday: 8:00 AM – 12:00 AM,https://maps.google.com/?cid=8154856023309041388&g_mp=Cidnb29nbGUubWFwcy5wbGFjZXMudjEuUGxhY2VzLlNlYXJjaFRleHQQAhgEIAA,ChIJqc6sfaWHMEAR7D7Kz1jeK3E,"coffee_shop, cafe, food_store, food, store, point_of_interest, establishment",2025-12-20T11:35:12.267572
Coffeemania,Coffeemania Next City Park Mall,"28c, 1 Süleyman Vəzirov küçəsi, Bakı, Azerbaijan",40.3897845,49.8910621,051 290 80 20,https://coffeemania.com/,3.7,38,N/A,OPERATIONAL,Monday: 8:00 AM – 12:00 AM | Tuesday: 8:00 AM – 12:00 AM | Wednesday: 8:00 AM – 12:00 AM | Thursday: 8:00 AM – 12:00 AM | Friday: 8:00 AM – 12:00 AM | Saturday: 8:00 AM – 12:00 AM | Sunday: 8:00 AM – 12:00 AM,https://maps.google.com/?cid=3869238751105245250&g_mp=Cidnb29nbGUubWFwcy5wbGFjZXMudjEuUGxhY2VzLlNlYXJjaFRleHQQAhgEIAA,ChIJyZHHPzZ9MEARQuDN3iRMsjU,"coffee_shop, cafe, food_store, food, store, point_of_interest, establishment",2025-12-20T11:35:12.873212
Coffeemania,Coffeemania Next Xatai,"Fəzail Bayramov, Bakı, Azerbaijan",40.3836626,49.8682988,010 232 54 50,https://www.instagram.com/coffeemanianextaz/,4.1,54,N/A,OPERATIONAL,Monday: 8:00 AM – 12:00 AM | Tuesday: 8:00 AM – 12:00 AM | Wednesday: 8:00 AM – 12:00 AM | Thursday: 8:00 AM – 12:00 AM | Friday: 8:00 AM – 12:00 AM | Saturday: 8:00 AM – 12:00 AM | Sunday: 8:00 AM – 12:00 AM,https://maps.google.com/?cid=7783470860997009869&g_mp=Cidnb29nbGUubWFwcy5wbGFjZXMudjEuUGxhY2VzLlNlYXJjaFRleHQQAhgEIAA,ChIJHSTimpB9MEARzaFUbYJxBGw,"coffee_shop, cafe, food_store, food, store, point_of_interest, establishment",2025-12-20T11:35:13.178307
Coffeemania,Coffeemania Next Ağ şəhər,"9VJP+FR4, Baku, Azerbaijan",40.3811359,49.887080399999995,N/A,https://www.instagram.com/coffeemanianextaz/,4.2,63,N/A,OPERATIONAL,N/A,https://maps.google.com/?cid=17521029820761282303&g_mp=Cidnb29nbGUubWFwcy5wbGFjZXMudjEuUGxhY2VzLlNlYXJjaFRleHQQAhgEIAA,ChIJH9rJZwB9MEAR_5aApcozJ_M,"coffee_shop, cafe, food_store, food, store, point_of_interest, establishment",2025-12-20T11:35:13.479263
Coffee Moffie,Coffee Moffie,"09 Islam Safarli Street, Bakı 1005, Azerbaijan",40.3717159,49.835337499999994,050 964 18 80,https://coffeemoffie.com/,4.4,356,N/A,OPERATIONAL,Monday: 8:00 AM – 1:00 AM | Tuesday: 8:00 AM – 1:00 AM | Wednesday: 8:00 AM – 1:00 AM | Thursday: 8:00 AM – 1:00 AM | Friday: 8:00 AM – 1:00 AM | Saturday: 8:00 AM – 1:00 AM | Sunday: 8:00 AM – 1:00 AM,https://maps.google.com/?cid=6875758799618133078&g_mp=Cidnb29nbGUubWFwcy5wbGFjZXMudjEuUGxhY2VzLlNlYXJjaFRleHQQAhgEIAA,ChIJBbHCrbB9MEARVkyB7DKaa18,"coffee_shop, cafe, food_store, store, food, point_of_interest, establishment",2025-12-20T11:35:15.402344
Coffee Way,Cozy Coffee Baku,"11 Vaqif prospekti, Bakı, Azerbaijan",40.3927315,49.844107199999996,050 235 03 30,N/A,4,22,N/A,OPERATIONAL,Monday: 9:30 AM – 11:30 PM | Tuesday: 9:30 AM – 11:30 PM | Wednesday: 9:30 AM – 11:30 PM | Thursday: 9:30 AM – 11:30 PM | Friday: 9:30 AM – 11:30 PM | Saturday: 9:30 AM – 11:30 PM | Sunday: 9:30 AM – 11:30 PM,https://maps.google.com/?cid=13759242944477476835&g_mp=Cidnb29nbGUubWFwcy5wbGFjZXMudjEuUGxhY2VzLlNlYXJjaFRleHQQAhgEIAA,ChIJyR8djrV9MEAR4zfh846m8r4,"coffee_shop, cafe, food_store, store, food, point_of_interest, establishment",2025-12-20T11:35:18.285994
Coffee Way,coffixwine,"163 Bəşir Səfəroğlu Küçəsi, Bakı 1009, Azerbaijan",40.374321699999996,49.8367055,051 681 95 45,https://instagram.com/coffixwine?igshid=NTc4MTIwNjQ2YQ==,4.8,96,N/A,OPERATIONAL,Monday: 9:00 AM – 11:00 PM | Tuesday: 9:00 AM – 11:00 PM | Wednesday: 9:00 AM – 11:00 PM | Thursday: 9:00 AM – 11:00 PM | Friday: 9:00 AM – 11:00 PM | Saturday: 9:00 AM – 11:00 PM | Sunday: 9:00 AM – 11:00 PM,https://maps.google.com/?cid=10286260830162378346&g_mp=Cidnb29nbGUubWFwcy5wbGFjZXMudjEuUGxhY2VzLlNlYXJjaFRleHQQAhgEIAA,ChIJDYTZGUt9MEARat7X4LkjwI4,"coffee_shop, cafe, food_store, store, food, point_of_interest, establishment",2025-12-20T11:35:18.591138
Coffee Way,42 Coffee Roasters,"41 Xaqani Küçəsi, Bakı 1000, Azerbaijan",40.374870699999995,49.848853299999995,077 615 42 42,http://42coffeeroasters.az/,4.7,233,N/A,OPERATIONAL,Monday: 9:00 AM – 10:00 PM | Tuesday: 9:00 AM – 10:00 PM | Wednesday: 9:00 AM – 10:00 PM | Thursday: 9:00 AM – 10:00 PM | Friday: 9:00 AM – 10:00 PM | Saturday: 9:00 AM – 10:00 PM | Sunday: 9:00 AM – 10:00 PM,https://maps.google.com/?cid=9540155922592574193&g_mp=Cidnb29nbGUubWFwcy5wbGFjZXMudjEuUGxhY2VzLlNlYXJjaFRleHQQAhgEIAA,ChIJCTyRoNZ9MEAR8Sr4A0RxZYQ,"coffee_shop, cafe, food_store, store, food, point_of_interest, establishment",2025-12-20T11:35:18.895396
Coffee Way,COLMPCOFFEE,"Park Hill Residence, Bakı, Azerbaijan",40.3820842,49.8892567,055 220 09 60,N/A,4.9,31,N/A,OPERATIONAL,Monday: 8:00 AM – 12:00 AM | Tuesday: 8:00 AM – 12:00 AM | Wednesday: 8:00 AM – 12:00 AM | Thursday: 8:00 AM – 12:00 AM | Friday: 8:00 AM – 12:00 AM | Saturday: 8:00 AM – 12:00 AM | Sunday: 8:00 AM – 12:00 AM,https://maps.google.com/?cid=9895546920357190870&g_mp=Cidnb29nbGUubWFwcy5wbGFjZXMudjEuUGxhY2VzLlNlYXJjaFRleHQQAhgEIAA,ChIJYyGc9bN9MEAR1twZxn4LVIk,"coffee_shop, cafe, food_store, store, food, point_of_interest, establishment",2025-12-20T11:35:19.197518
Coffee Way,United Coffee Beans,"Yaşıl Ada 2 40°22'53.3""N 49°52'58.5""E, Baku 1025, Azerbaijan",40.3814668,49.882915999999994,050 504 11 25,http://www.ucb.az/,4.7,120,N/A,OPERATIONAL,Monday: 8:00 AM – 11:00 PM | Tuesday: 8:00 AM – 11:00 PM | Wednesday: 8:00 AM – 11:00 PM | Thursday: 8:00 AM – 11:00 PM | Friday: 8:00 AM – 11:00 PM | Saturday: 8:00 AM – 11:00 PM | Sunday: 11:00 AM – 11:00 PM,https://maps.google.com/?cid=4209245705016516380&g_mp=Cidnb29nbGUubWFwcy5wbGFjZXMudjEuUGxhY2VzLlNlYXJjaFRleHQQAhgEIAA,ChIJsYJ763Z9MEARHB_Zy6o-ajo,"coffee_shop, cafe, food_store, store, food, point_of_interest, establishment",2025-12-20T11:35:19.498874
Coffee Way,Cofiesto,"Zarifa Aliyeva St, Baku, Azerbaijan",40.3751527,49.856594699999995,051 526 99 99,https://cofiesto.com/,4.8,165,N/A,OPERATIONAL,Monday: 7:30 AM – 12:30 AM | Tuesday: 7:30 AM – 12:30 AM | Wednesday: 7:30 AM – 12:30 AM | Thursday: 7:30 AM – 12:30 AM | Friday: 7:30 AM – 12:30 AM | Saturday: 7:30 AM – 12:30 AM | Sunday: 7:30 AM – 12:30 AM,https://maps.google.com/?cid=6190987945009639653&g_mp=Cidnb29nbGUubWFwcy5wbGFjZXMudjEuUGxhY2VzLlNlYXJjaFRleHQQAhgEIAA,ChIJq4V9XQB9MEAR5XAGF7zO6lU,"coffee_shop, cafe, food_store, store, food, point_of_interest, establishment",2025-12-20T11:35:19.804060
Coffee Way,Teazy coffee shop,"9R8J+M8F, 2 Bunyad Sardarov, Baku, Azerbaijan",40.3672828,49.8311347,050 718 67 64,N/A,4.3,36,N/A,OPERATIONAL,Monday: 8:00 AM – 12:00 AM | Tuesday: 8:00 AM – 12:00 AM | Wednesday: 8:00 AM – 12:00 AM | Thursday: 8:00 AM – 12:00 AM | Friday: 8:00 AM – 2:00 AM | Saturday: 8:00 AM – 2:00 AM | Sunday: 8:00 AM – 12:00 AM,https://maps.google.com/?cid=18031282635602977030&g_mp=Cidnb29nbGUubWFwcy5wbGFjZXMudjEuUGxhY2VzLlNlYXJjaFRleHQQAhgEIAA,ChIJaS09Mhd9MEARBuHI8wX8O_o,"coffee_shop, cafe, food_store, store, food, point_of_interest, establishment",2025-12-20T11:35:20.109179
Coffee Way,WHY BAKU,"9VMV+7JW, Baku, Azerbaijan",40.3830112,49.8936679,010 322 84 44,https://www.instagram.com/why.baku/profilecard/?igsh=MTNpZGNlZHJudWdzbg==,4.6,27,N/A,OPERATIONAL,Monday: 8:00 AM – 12:00 AM | Tuesday: 8:00 AM – 12:00 AM | Wednesday: 8:00 AM – 12:00 AM | Thursday: 8:00 AM – 12:00 AM | Friday: 8:00 AM – 12:00 AM | Saturday: 8:00 AM – 12:00 AM | Sunday: 8:00 AM – 12:00 AM,https://maps.google.com/?cid=10630338965760124882&g_mp=Cidnb29nbGUubWFwcy5wbGFjZXMudjEuUGxhY2VzLlNlYXJjaFRleHQQAhgEIAA,ChIJ5VZ0LwB9MEAR0icgqPeMhpM,"coffee_shop, cafe, food_store, store, food, point_of_interest, establishment",2025-12-20T11:35:20.414346
Coffee Way,United Coffee Beans,"6 Yusif Məmmədəliyev, Bakı 1000, Azerbaijan",40.3698666,49.840210199999994,050 505 11 25,https://www.ucb.az/az#ucb,4.6,845,PRICE_LEVEL_MODERATE,OPERATIONAL,Monday: 8:00 AM – 11:00 PM | Tuesday: 8:00 AM – 11:00 PM | Wednesday: 8:00 AM – 11:00 PM | Thursday: 8:00 AM – 11:00 PM | Friday: 8:00 AM – 11:00 PM | Saturday: 9:00 AM – 11:00 PM | Sunday: 11:00 AM – 11:00 PM,https://maps.google.com/?cid=7574331051314219176&g_mp=Cidnb29nbGUubWFwcy5wbGFjZXMudjEuUGxhY2VzLlNlYXJjaFRleHQQAhgEIAA,ChIJe2xXXbF9MEARqIjL7PVtHWk,"coffee_shop, cafe, food_store, store, food, point_of_interest, establishment",2025-12-20T11:35:20.717565
Coffee Way,CoffeeLea Khatai,"22 Xocalı prospekti, Bakı, Azerbaijan",40.3819987,49.8680635,051 594 51 56,https://www.instagram.com/coffeeleabaku/,4.8,497,N/A,OPERATIONAL,Monday: 8:00 AM – 1:00 AM | Tuesday: 8:00 AM – 1:00 AM | Wednesday: 8:00 AM – 1:00 AM | Thursday: 8:00 AM – 1:00 AM | Friday: 8:00 AM – 1:00 AM | Saturday: 8:00 AM – 1:00 AM | Sunday: 9:00 AM – 1:00 AM,https://maps.google.com/?cid=15614833477079579307&g_mp=Cidnb29nbGUubWFwcy5wbGFjZXMudjEuUGxhY2VzLlNlYXJjaFRleHQQAhgEIAA,ChIJpdsQItd9MEARq7o0BFEIs9g,"coffee_shop, cafe, food_store, store, food, point_of_interest, establishment",2025-12-20T11:35:21.324311
Coffee Way,Beast Coffee,"İlqar Mirzəyev, Bakı, Azerbaijan",40.38559,49.886440699999994,050 255 99 33,https://beastcoffee.az/,4.8,732,N/A,OPERATIONAL,Monday: 7:30 AM – 2:00 AM | Tuesday: 7:30 AM – 2:00 AM | Wednesday: 7:30 AM – 2:00 AM | Thursday: 7:30 AM – 2:00 AM | Friday: 7:30 AM – 2:00 AM | Saturday: 7:30 AM – 2:00 AM | Sunday: 7:30 AM – 2:00 AM,https://maps.google.com/?cid=13111310166586095751&g_mp=Cidnb29nbGUubWFwcy5wbGFjZXMudjEuUGxhY2VzLlNlYXJjaFRleHQQAhgEIAA,ChIJk9K2D3l9MEARh_hUOyG79LU,"coffee_shop, cafe, food_store, store, food, point_of_interest, establishment",2025-12-20T11:35:21.629498
Coffee Way,CoffeeCrow,"13 Puşkin küçəsi, Bakı 0100, Azerbaijan",40.3772306,49.8528178,N/A,N/A,4.9,28,N/A,OPERATIONAL,Monday: Open 24 hours | Tuesday: Open 24 hours | Wednesday: Open 24 hours | Thursday: Open 24 hours | Friday: Open 24 hours | Saturday: Open 24 hours | Sunday: Open 24 hours,https://maps.google.com/?cid=15900983311551718362&g_mp=Cidnb29nbGUubWFwcy5wbGFjZXMudjEuUGxhY2VzLlNlYXJjaFRleHQQAhgEIAA,ChIJ1TBYult9MEAR2mN0KBOkq9w,"coffee_shop, cafe, food_store, store, food, point_of_interest, establishment",2025-12-20T11:35:22.237323
Coffee Way,coffeeriss,"4b Mikayıl Müşfiq, Bakı, Azerbaijan",40.3546938,49.8091484,050 409 46 46,N/A,5,196,N/A,OPERATIONAL,Monday: 8:00 AM – 10:00 PM | Tuesday: 8:00 AM – 10:00 PM | Wednesday: 8:00 AM – 10:00 PM | Thursday: 8:00 AM – 10:00 PM | Friday: 8:00 AM – 10:00 PM | Saturday: 8:00 AM – 10:00 PM | Sunday: 8:00 AM – 10:00 PM,https://maps.google.com/?cid=251304026597717863&g_mp=Cidnb29nbGUubWFwcy5wbGFjZXMudjEuUGxhY2VzLlNlYXJjaFRleHQQAhgEIAA,ChIJ_UZent99MEARZ3f7Q67PfAM,"coffee_shop, cafe, food_store, store, food, point_of_interest, establishment",2025-12-20T11:35:22.542509
Coffee Way,Kofeshgi,"5 Bunyad Sardarov, Baku 1001, Azerbaijan",40.3676144,49.828955,010 397 41 51,N/A,4.8,59,N/A,OPERATIONAL,Monday: 10:00 AM – 9:00 PM | Tuesday: 10:00 AM – 9:00 PM | Wednesday: 10:00 AM – 9:00 PM | Thursday: 10:00 AM – 9:00 PM | Friday: 10:00 AM – 9:00 PM | Saturday: 10:00 AM – 9:00 PM | Sunday: 12:00 – 8:00 PM,https://maps.google.com/?cid=13626560705338000618&g_mp=Cidnb29nbGUubWFwcy5wbGFjZXMudjEuUGxhY2VzLlNlYXJjaFRleHQQAhgEIAA,ChIJzRXIZT59MEAR6sT3z8NEG70,"coffee_shop, cafe, food_store, store, food, point_of_interest, establishment",2025-12-20T11:35:22.845840
Coffee Way,Coffee Nero / Azadlig,"10 Mirəsədulla Mirgasımov, Bakı, Azerbaijan",40.395127699999996,49.8398812,N/A,N/A,4.3,43,N/A,OPERATIONAL,Monday: 7:00 AM – 3:00 AM | Tuesday: 7:00 AM – 3:00 AM | Wednesday: 7:00 AM – 3:00 AM | Thursday: 7:00 AM – 3:00 AM | Friday: 7:00 AM – 3:00 AM | Saturday: 7:00 AM – 3:00 AM | Sunday: 7:00 AM – 3:00 AM,https://maps.google.com/?cid=12743224050611701207&g_mp=Cidnb29nbGUubWFwcy5wbGFjZXMudjEuUGxhY2VzLlNlYXJjaFRleHQQAhgEIAA,ChIJW3IWD5B9MEAR18Xs7cEG2bA,"coffee_shop, cafe, food_store, store, food, point_of_interest, establishment",2025-12-20T11:35:23.151006
Coffee Way,Perity kafe,"157 Tolstoy, Bakı 1005, Azerbaijan",40.3729429,49.8371752,050 977 79 00,https://www.instagram.com/perity_kafe?igsh=aHVwdmw4N2JvMG1r&utm_source=qr,4.7,180,N/A,OPERATIONAL,Monday: 10:30 AM – 2:00 AM | Tuesday: 10:30 AM – 2:00 AM | Wednesday: 10:30 AM – 2:00 AM | Thursday: 10:30 AM – 2:00 AM | Friday: 10:30 AM – 2:00 AM | Saturday: 10:30 AM – 2:00 AM | Sunday: 10:30 AM – 2:00 AM,https://maps.google.com/?cid=9184529734543872830&g_mp=Cidnb29nbGUubWFwcy5wbGFjZXMudjEuUGxhY2VzLlNlYXJjaFRleHQQAhgEIAA,ChIJrXi9U5x9MEARPhOAwCEBdn8,"cafe, food, point_of_interest, establishment",2025-12-20T11:35:23.456154
Coffee Lab,Coffee Lab,"109 Səttar Bəhlulzadə, Bakı 1130, Azerbaijan",40.414566699999995,49.8423726,N/A,N/A,5,12,N/A,OPERATIONAL,Monday: 7:30 AM – 11:00 PM | Tuesday: 7:30 AM – 11:00 PM | Wednesday: 7:30 AM – 11:00 PM | Thursday: 7:30 AM – 11:00 PM | Friday: 7:30 AM – 11:00 PM | Saturday: 7:30 AM – 11:00 PM | Sunday: 7:30 AM – 11:00 PM,https://maps.google.com/?cid=5224240393378736914&g_mp=Cidnb29nbGUubWFwcy5wbGFjZXMudjEuUGxhY2VzLlNlYXJjaFRleHQQAhgEIAA,ChIJ8xAkSbqHMEAREiuWZPU6gEg,"coffee_shop, cafe, food_store, store, food, point_of_interest, establishment",2025-12-20T11:35:24.295900
Coffee Lab,Coffee Lab,"25b Əhməd Rəcəbli, Bakı, Azerbaijan",40.4107378,49.8614482,N/A,N/A,5,1,N/A,OPERATIONAL,N/A,https://maps.google.com/?cid=3129103577183588927&g_mp=Cidnb29nbGUubWFwcy5wbGFjZXMudjEuUGxhY2VzLlNlYXJjaFRleHQQAhgEIAA,ChIJe75EdwB9MEARP5Ju7x_PbCs,"cafe, food, point_of_interest, establishment",2025-12-20T11:35:24.601093
Coffee Lab,CoffeeLab Yasamal,"118a Abbas Mirzə Şərifzadə küçəsi, Bakı, Azerbaijan",40.384006299999996,49.8039237,070 586 83 85,N/A,5,10,N/A,OPERATIONAL,Monday: 7:30 AM – 11:30 PM | Tuesday: 7:30 AM – 11:30 PM | Wednesday: 7:30 AM – 11:30 PM | Thursday: 7:30 AM – 11:30 PM | Friday: 7:30 AM – 11:30 PM | Saturday: 7:30 AM – 11:30 PM | Sunday: 7:30 AM – 11:30 PM,https://maps.google.com/?cid=4943188711131564498&g_mp=Cidnb29nbGUubWFwcy5wbGFjZXMudjEuUGxhY2VzLlNlYXJjaFRleHQQAhgEIAA,ChIJLeBjS219MEAR0sm3UPG7mUQ,"coffee_shop, cafe, food_store, store, food, point_of_interest, establishment",2025-12-20T11:35:24.902962
Coffee Lab,Milk Lab Coffee,"9VMM+WQ3, Mərkəzi Bulvar, Bakı 1107, Azerbaijan",40.3847613,49.884423,N/A,N/A,3.5,84,N/A,OPERATIONAL,Monday: 8:00 AM – 11:00 PM | Tuesday: 8:00 AM – 11:00 PM | Wednesday: 8:00 AM – 11:00 PM | Thursday: 8:00 AM – 11:00 PM | Friday: 8:00 AM – 11:00 PM | Saturday: 8:00 AM – 11:00 PM | Sunday: 8:00 AM – 11:00 PM,https://maps.google.com/?cid=2796932230237709078&g_mp=Cidnb29nbGUubWFwcy5wbGFjZXMudjEuUGxhY2VzLlNlYXJjaFRleHQQAhgEIAA,ChIJuanvqit9MEARFuMobAuz0CY,"coffee_shop, cafe, food_store, store, food, point_of_interest, establishment",2025-12-20T11:35:25.208155
Coffee Lab,The LAB and Coffee,"9RFP+QQ4, Baku, Azerbaijan",40.374393399999995,49.8369528,N/A,N/A,5,2,N/A,OPERATIONAL,Monday: 12:00 – 9:00 PM | Tuesday: 12:00 – 9:00 PM | Wednesday: 12:00 – 9:00 PM | Thursday: 12:00 – 9:00 PM | Friday: 12:00 – 9:00 PM | Saturday: 12:00 – 9:00 PM | Sunday: Closed,https://maps.google.com/?cid=6653754484709787798&g_mp=Cidnb29nbGUubWFwcy5wbGFjZXMudjEuUGxhY2VzLlNlYXJjaFRleHQQAhgEIAA,ChIJTwVl0G99MEARlgjKY3PiVlw,"cafe, food, point_of_interest, establishment",2025-12-20T11:35:25.816677
Cafe City,Urban Cafe,"2-ci yaşıl ada, Bakı, Azerbaijan",40.38137,49.886229099999994,099 270 77 00,N/A,4.7,540,N/A,OPERATIONAL,Monday: 9:00 AM – 12:00 AM | Tuesday: 9:00 AM – 12:00 AM | Wednesday: 9:00 AM – 12:00 AM | Thursday: 9:00 AM – 12:00 AM | Friday: 9:00 AM – 12:00 AM | Saturday: 9:00 AM – 12:00 AM | Sunday: 9:00 AM – 12:00 AM,https://maps.google.com/?cid=1021070738364155634&g_mp=Cidnb29nbGUubWFwcy5wbGFjZXMudjEuUGxhY2VzLlNlYXJjaFRleHQQAhgEIAA,ChIJj5s8mfF9MEAR8sa9Om2SKw4,"cafe, food, point_of_interest, establishment",2025-12-20T11:35:30.027874
Cafe City,Chai City Baku,"11 Mehdi Mehdizadə küç., Bakı 1000, Azerbaijan",40.3803249,49.861650399999995,099 999 09 29,https://www.instagram.com/chai.citybaku?igsh=MWpjd3Rmd3Q3bDMxaA==,4.1,21,N/A,OPERATIONAL,Monday: Open 24 hours | Tuesday: Open 24 hours | Wednesday: Open 24 hours | Thursday: Open 24 hours | Friday: Open 24 hours | Saturday: Open 24 hours | Sunday: Open 24 hours,https://maps.google.com/?cid=12608409706684224665&g_mp=Cidnb29nbGUubWFwcy5wbGFjZXMudjEuUGxhY2VzLlNlYXJjaFRleHQQAhgEIAA,ChIJ0xJrS2_zMEARmRSAddMR-q4,"cafe, food, point_of_interest, establishment",2025-12-20T11:35:31.546391
Cafe City,Ol City Cafe,"9RFP+MJ2, ул. Башира Сафароглу, Bakı 1009, Azerbaijan",40.3741419,49.8365053,N/A,N/A,5,1,N/A,OPERATIONAL,Monday: 9:00 AM – 11:00 PM | Tuesday: 9:00 AM – 11:00 PM | Wednesday: 9:00 AM – 11:00 PM | Thursday: 9:00 AM – 11:00 PM | Friday: 9:00 AM – 11:00 PM | Saturday: 9:00 AM – 11:00 PM | Sunday: 9:00 AM – 11:00 PM,https://maps.google.com/?cid=14738320718901697627&g_mp=Cidnb29nbGUubWFwcy5wbGFjZXMudjEuUGxhY2VzLlNlYXJjaFRleHQQAhgEIAA,ChIJLy1_8rp9MEARW1zqW5sIicw,"cafe, food, point_of_interest, establishment",2025-12-20T11:35:31.850178
Traveler's Coffee,Traveler’s Coffee,"37 Bülbül Prospekti, Bakı, Azerbaijan",40.3758045,49.8428755,N/A,https://travelers-coffee.com/,4.6,39,N/A,OPERATIONAL,Monday: 8:00 AM – 11:00 PM | Tuesday: 8:00 AM – 11:00 PM | Wednesday: 8:00 AM – 11:00 PM | Thursday: 8:00 AM – 11:00 PM | Friday: 8:00 AM – 11:00 PM | Saturday: 8:00 AM – 11:00 PM | Sunday: 8:00 AM – 11:00 PM,https://maps.google.com/?cid=16992904851145290938&g_mp=Cidnb29nbGUubWFwcy5wbGFjZXMudjEuUGxhY2VzLlNlYXJjaFRleHQQAhgEIAA,ChIJLzBQBRB9MEARuvSGCu7s0us,"cafe, food, point_of_interest, establishment",2025-12-20T11:35:32.893623
Moka Roastery,Moka Roastery & Eatery,"9R9M+VV7, Əhməd Cavad, Bakı 1005, Azerbaijan",40.3697383,49.8346466,051 244 13 01,https://mokaone.com/,4.7,211,N/A,OPERATIONAL,Monday: Open 24 hours | Tuesday: Open 24 hours | Wednesday: Open 24 hours | Thursday: Open 24 hours | Friday: Open 24 hours | Saturday: Open 24 hours | Sunday: Open 24 hours,https://maps.google.com/?cid=1487819432269962402&g_mp=Cidnb29nbGUubWFwcy5wbGFjZXMudjEuUGxhY2VzLlNlYXJjaFRleHQQAhgEIAA,ChIJL6Brz9F9MEARotxfDuTLpRQ,"coffee_shop, cafe, food_store, wholesaler, food, store, point_of_interest, establishment",2025-12-20T11:35:33.905090
Urban Coffee,Urban Cafe Zorge,"9RRQ+848, Vaqif prospekti, Bakı, Azerbaijan",40.3907993,49.837822599999996,N/A,N/A,5,2,N/A,OPERATIONAL,N/A,https://maps.google.com/?cid=7955469693330836289&g_mp=Cidnb29nbGUubWFwcy5wbGFjZXMudjEuUGxhY2VzLlNlYXJjaFRleHQQAhgEIAA,ChIJXdw9dAB9MEARQcteRImBZ24,"coffee_shop, cafe, food_store, food, store, point_of_interest, establishment",2025-12-20T11:35:34.820382
Cozy Coffee,Cozy Coffeehouse,"9XG3+69Q, Məhəmməd Hadi, Bakı, Azerbaijan",40.3757313,49.953477799999995,055 816 36 65,https://instagram.com/cozycoffee.shop?igshid=YmMyMTA2M2Y=,4.9,34,N/A,OPERATIONAL,Monday: 7:30 AM – 1:00 AM | Tuesday: 7:30 AM – 1:00 AM | Wednesday: 7:30 AM – 1:00 AM | Thursday: 7:30 AM – 1:00 AM | Friday: 7:30 AM – 1:00 AM | Saturday: 7:30 AM – 1:00 AM | Sunday: 7:30 AM – 1:00 AM,https://maps.google.com/?cid=18291360913140984765&g_mp=Cidnb29nbGUubWFwcy5wbGFjZXMudjEuUGxhY2VzLlNlYXJjaFRleHQQAhgEIAA,ChIJncKpa6JjMEARvas7ttb31_0,"coffee_shop, cafe, food_store, store, food, point_of_interest, establishment",2025-12-20T11:35:35.728695
Cozy Coffee,"Concept Anti Cafe ""Cozy""","18 Cəfər Cabbarlı küçəsi, Bakı 1000, Azerbaijan",40.3808508,49.830286699999995,(012) 595 09 36,https://anticafeconcept.com/,4.9,1606,PRICE_LEVEL_MODERATE,OPERATIONAL,Monday: 10:00 AM – 10:30 PM | Tuesday: 10:00 AM – 10:30 PM | Wednesday: 10:00 AM – 10:30 PM | Thursday: 10:00 AM – 10:30 PM | Friday: 10:00 AM – 10:30 PM | Saturday: 10:00 AM – 10:30 PM | Sunday: 10:00 AM – 10:30 PM,https://maps.google.com/?cid=13841009634484787592&g_mp=Cidnb29nbGUubWFwcy5wbGFjZXMudjEuUGxhY2VzLlNlYXJjaFRleHQQAhgEIAA,ChIJGd-9LU19MEARiJk5BO4kFcA,"cafe, food, point_of_interest, establishment",2025-12-20T11:35:36.033800
Cozy Coffee,Zloy Coffee Narimanov,"16A Nazim Hajiyev, Baku 1033, Azerbaijan",40.400689299999996,49.872079799999995,051 601 19 19,https://www.instagram.com/zloy_coffee_baku/,4.9,356,N/A,OPERATIONAL,Monday: 9:00 AM – 12:00 AM | Tuesday: 9:00 AM – 12:00 AM | Wednesday: 9:00 AM – 12:00 AM | Thursday: 9:00 AM – 12:00 AM | Friday: 9:00 AM – 12:00 AM | Saturday: 10:00 AM – 12:00 AM | Sunday: 10:00 AM – 12:00 AM,https://maps.google.com/?cid=10742777968292177732&g_mp=Cidnb29nbGUubWFwcy5wbGFjZXMudjEuUGxhY2VzLlNlYXJjaFRleHQQAhgEIAA,ChIJK7yWWRJ9MEARRKfy_KQDFpU,"coffee_shop, cafe, food_store, wholesaler, store, food, point_of_interest, establishment",2025-12-20T11:35:36.639524
Cozy Coffee,Benjamin Coffee Roastery,"182A Fətəli Xan Xoyski, Bakı 1010, Azerbaijan",40.4049803,49.8677716,010 265 85 35,N/A,4.9,16,N/A,OPERATIONAL,Monday: 8:00 AM – 11:00 PM | Tuesday: 8:00 AM – 11:00 PM | Wednesday: 8:00 AM – 11:00 PM | Thursday: 8:00 AM – 11:00 PM | Friday: 8:00 AM – 11:00 PM | Saturday: 8:00 AM – 11:00 PM | Sunday: 8:00 AM – 11:00 PM,https://maps.google.com/?cid=11985126286498634015&g_mp=Cidnb29nbGUubWFwcy5wbGFjZXMudjEuUGxhY2VzLlNlYXJjaFRleHQQAhgEIAA,ChIJTcVLF_x9MEARH5nyjtu4U6Y,"coffee_shop, cafe, food_store, store, food, point_of_interest, establishment",2025-12-20T11:35:36.944717
Cozy Coffee,Cozy Coffee,"335A Xudu Mammadov, Bakı 1033, Azerbaijan",40.371014699999996,49.957188699999996,050 227 22 36,https://www.instagram.com/cozycoffee.shop/,4.6,18,N/A,OPERATIONAL,Monday: 7:30 AM – 1:00 AM | Tuesday: 7:30 AM – 1:00 AM | Wednesday: 7:30 AM – 1:00 AM | Thursday: 7:30 AM – 1:00 AM | Friday: 7:30 AM – 1:00 AM | Saturday: 7:30 AM – 1:00 AM | Sunday: 7:30 AM – 1:00 AM,https://maps.google.com/?cid=17946971059679716152&g_mp=Cidnb29nbGUubWFwcy5wbGFjZXMudjEuUGxhY2VzLlNlYXJjaFRleHQQAhgEIAA,ChIJrS-tO1BlMEAROONsdhdzEPk,"coffee_shop, cafe, food_store, store, food, point_of_interest, establishment",2025-12-20T11:35:37.249068
Cozy Coffee,Coffee Baku,"25C Əhməd Rəcəbli, Bakı 1075, Azerbaijan",40.4113109,49.861697,099 881 00 08,N/A,4.6,10,N/A,OPERATIONAL,Monday: 8:00 AM – 11:30 PM | Tuesday: 8:00 AM – 11:30 PM | Wednesday: 8:00 AM – 11:30 PM | Thursday: 8:00 AM – 11:30 PM | Friday: 8:00 AM – 11:30 PM | Saturday: 8:00 AM – 11:30 PM | Sunday: 8:00 AM – 11:30 PM,https://maps.google.com/?cid=14266833272094395634&g_mp=Cidnb29nbGUubWFwcy5wbGFjZXMudjEuUGxhY2VzLlNlYXJjaFRleHQQAhgEIAA,ChIJi3kWYJl9MEAR8gzppEX5_cU,"coffee_shop, cafe, food_store, store, food, point_of_interest, establishment",2025-12-20T11:35:37.554262
Cozy Coffee,Zloy Coffee,"71 Neftçilər Prospekti, Bakı, Azerbaijan",40.36159,49.834611699999996,051 601 19 19,https://www.tiktok.com/@zloy_coffee_baku?_t=ZS-8trjutLvlXl&_r=1,4.9,131,N/A,OPERATIONAL,Monday: 9:00 AM – 12:00 AM | Tuesday: 9:00 AM – 12:00 AM | Wednesday: 9:00 AM – 12:00 AM | Thursday: 9:00 AM – 12:00 AM | Friday: 9:00 AM – 12:00 AM | Saturday: 10:00 AM – 12:00 AM | Sunday: 10:00 AM – 12:00 AM,https://maps.google.com/?cid=6113215212208600492&g_mp=Cidnb29nbGUubWFwcy5wbGFjZXMudjEuUGxhY2VzLlNlYXJjaFRleHQQAhgEIAA,ChIJ8dFEdAB9MEARrDU1p9iA1lQ,"coffee_shop, cafe, food_store, store, food, point_of_interest, establishment",2025-12-20T11:35:37.856899
Cozy Coffee,Coffee Go Atatürk,"47 Atatürk prospekti, Bakı, Azerbaijan",40.411897,49.8461054,N/A,N/A,4.9,15,N/A,OPERATIONAL,Monday: 8:00 AM – 12:30 AM | Tuesday: 8:00 AM – 12:30 AM | Wednesday: 8:00 AM – 12:30 AM | Thursday: 8:00 AM – 12:30 AM | Friday: 8:00 AM – 12:30 AM | Saturday: 8:00 AM – 12:30 AM | Sunday: 8:00 AM – 12:30 AM,https://maps.google.com/?cid=973282307536118507&g_mp=Cidnb29nbGUubWFwcy5wbGFjZXMudjEuUGxhY2VzLlNlYXJjaFRleHQQAhgEIAA,ChIJexq6aDSHMEAR6-LcHhrLgQ0,"coffee_shop, cafe, food_store, store, food, point_of_interest, establishment",2025-12-20T11:35:38.162071
Cozy Coffee,Coffee Museum,"56 Cəfər Cabbarlı küçəsi, Bakı, Azerbaijan",40.3851243,49.8286351,070 447 27 47,N/A,5,20,N/A,OPERATIONAL,Monday: 8:00 AM – 11:00 PM | Tuesday: 8:00 AM – 11:00 PM | Wednesday: 8:00 AM – 11:00 PM | Thursday: 8:00 AM – 11:00 PM | Friday: 8:00 AM – 11:00 PM | Saturday: 8:00 AM – 11:00 PM | Sunday: 8:00 AM – 11:00 PM,https://maps.google.com/?cid=10183871274183360071&g_mp=Cidnb29nbGUubWFwcy5wbGFjZXMudjEuUGxhY2VzLlNlYXJjaFRleHQQAhgEIAA,ChIJe_GXbwB9MEARR_4AqPdgVI0,"coffee_shop, cafe, food_store, store, food, point_of_interest, establishment",2025-12-20T11:35:38.463970
Cozy Coffee,Coffee Go,"Ismayil, 30 Hidayetzade, Bakı, Azerbaijan",40.3955653,49.870256499999996,077 272 24 27,N/A,4.7,19,N/A,OPERATIONAL,Monday: 8:00 AM – 1:00 AM | Tuesday: 8:00 AM – 1:00 AM | Wednesday: 8:00 AM – 1:00 AM | Thursday: 8:00 AM – 1:00 AM | Friday: 8:00 AM – 1:00 AM | Saturday: 9:00 AM – 1:00 AM | Sunday: 9:00 AM – 1:00 AM,https://maps.google.com/?cid=12778337911354327279&g_mp=Cidnb29nbGUubWFwcy5wbGFjZXMudjEuUGxhY2VzLlNlYXJjaFRleHQQAhgEIAA,ChIJmQSLP7B9MEAR74AuuqDGVbE,"coffee_shop, cafe, food_store, store, food, point_of_interest, establishment",2025-12-20T11:35:38.769149
Cozy Coffee,Fuzzy Coffee and Wine,"Jafar Jabbarli, Lotfi Zadeh Technology Center, Caspian Plaza, 44 17th floor, Baku 1065, Azerbaijan",40.385340299999996,49.828682199999996,050 275 00 30,N/A,4.1,101,N/A,OPERATIONAL,Monday: 8:00 AM – 11:00 PM | Tuesday: 8:00 AM – 11:00 PM | Wednesday: 8:00 AM – 11:00 PM | Thursday: 8:00 AM – 11:00 PM | Friday: 8:00 AM – 11:00 PM | Saturday: 8:00 AM – 11:00 PM | Sunday: 8:00 AM – 11:00 PM,https://maps.google.com/?cid=16296480893244751923&g_mp=Cidnb29nbGUubWFwcy5wbGFjZXMudjEuUGxhY2VzLlNlYXJjaFRleHQQAhgEIAA,ChIJFwlwnWN9MEARM0DLqge7KOI,"coffee_shop, cafe, food_store, store, food, point_of_interest, establishment",2025-12-20T11:35:39.070392
Cozy Coffee,CoffeeLea Ataturk,"65 A Atatürk prospekti, Bakı, Azerbaijan",40.411318,49.8468184,051 375 51 56,https://coffeelea.com/,4.9,303,N/A,OPERATIONAL,Monday: 8:00 AM – 1:00 AM | Tuesday: 8:00 AM – 1:00 AM | Wednesday: 8:00 AM – 1:00 AM | Thursday: 8:00 AM – 1:00 AM | Friday: 8:00 AM – 1:00 AM | Saturday: 8:00 AM – 1:00 AM | Sunday: 9:00 AM – 1:00 AM,https://maps.google.com/?cid=10883022106816672457&g_mp=Cidnb29nbGUubWFwcy5wbGFjZXMudjEuUGxhY2VzLlNlYXJjaFRleHQQAhgEIAA,ChIJl_OVlNCHMEARyfKHB_JCCJc,"coffee_shop, cafe, food_store, store, food, point_of_interest, establishment",2025-12-20T11:35:39.370845
Cozy Coffee,Gilli Pottery & Coffee,"5 Azərbaycan Prospekti, Bakı 1005, Azerbaijan",40.3706349,49.8340804,051 516 68 88,https://www.instagram.com/gilli.coffee?igsh=MXZtcTQxM2M0NDdoZw==,4.6,103,N/A,OPERATIONAL,Monday: 8:30 AM – 11:00 PM | Tuesday: 8:30 AM – 11:00 PM | Wednesday: 8:30 AM – 11:00 PM | Thursday: 8:30 AM – 11:00 PM | Friday: 8:30 AM – 11:00 PM | Saturday: 8:30 AM – 11:00 PM | Sunday: 8:30 AM – 11:00 PM,https://maps.google.com/?cid=1865605776788458173&g_mp=Cidnb29nbGUubWFwcy5wbGFjZXMudjEuUGxhY2VzLlNlYXJjaFRleHQQAhgEIAA,ChIJ6Z8mmK59MEARvYpk0JH24xk,"coffee_shop, cafe, food_store, store, food, point_of_interest, establishment",2025-12-20T11:35:39.676022
United Coffee Beans,United Coffee Beans,"32 Xocalı prospekti, Bakı, Azerbaijan",40.382664,49.873494099999995,051 501 11 25,https://www.ucb.az/az,4.9,169,N/A,OPERATIONAL,Monday: 8:00 AM – 11:00 PM | Tuesday: 8:00 AM – 11:00 PM | Wednesday: 8:00 AM – 11:00 PM | Thursday: 8:00 AM – 11:00 PM | Friday: 8:00 AM – 11:00 PM | Saturday: 8:00 AM – 11:00 PM | Sunday: 11:00 AM – 11:00 PM,https://maps.google.com/?cid=5435219959548525248&g_mp=Cidnb29nbGUubWFwcy5wbGFjZXMudjEuUGxhY2VzLlNlYXJjaFRleHQQAhgEIAA,ChIJMc_4KsN9MEARwLoAlcHHbUs,"coffee_shop, cafe, food_store, food, store, point_of_interest, establishment",2025-12-20T11:35:40.612566
United Coffee Beans,United Coffee Beans,"B.Britaniya səfirliyinin yaxınlığı, 26/32 Xaqani Küçəsi, Bakı 1000, Azerbaijan",40.375053799999996,49.8506808,051 777 11 25,https://www.ucb.az/az#ucb,4.7,149,N/A,OPERATIONAL,Monday: 8:00 AM – 11:00 PM | Tuesday: 8:00 AM – 11:00 PM | Wednesday: 8:00 AM – 11:00 PM | Thursday: 8:00 AM – 11:00 PM | Friday: 8:00 AM – 11:00 PM | Saturday: 9:00 AM – 11:00 PM | Sunday: 11:00 AM – 11:00 PM,https://maps.google.com/?cid=11042273134784054518&g_mp=Cidnb29nbGUubWFwcy5wbGFjZXMudjEuUGxhY2VzLlNlYXJjaFRleHQQAhgEIAA,ChIJCQiFGYt9MEAR9oSkX-kIPpk,"coffee_shop, cafe, food_store, food, store, point_of_interest, establishment",2025-12-20T11:35:40.915565
United Coffee Beans,United Coffee Beans,"Bəkir Çobanzadə, Bakı, Azerbaijan",40.412305499999995,49.930228299999996,051 510 11 25,https://www.ucb.az/,5,26,N/A,OPERATIONAL,N/A,https://maps.google.com/?cid=17669156684009192298&g_mp=Cidnb29nbGUubWFwcy5wbGFjZXMudjEuUGxhY2VzLlNlYXJjaFRleHQQAhgEIAA,ChIJISqaAxtjMEARajsWj2N0NfU,"coffee_shop, cafe, food_store, food, store, point_of_interest, establishment",2025-12-20T11:35:41.220757
Coffee Lea,Coffeelea Statistika,"Basti Baghirova, Bakı, Azerbaijan",40.3844472,49.825544799999996,051 636 71 56,https://coffeelea.com/,4.8,593,N/A,OPERATIONAL,Monday: 8:00 AM – 1:00 AM | Tuesday: 8:00 AM – 1:00 AM | Wednesday: 8:00 AM – 1:00 AM | Thursday: 8:00 AM – 1:00 AM | Friday: 8:00 AM – 1:00 AM | Saturday: 8:00 AM – 1:00 AM | Sunday: 8:30 AM – 1:00 AM,https://maps.google.com/?cid=9118141167771198421&g_mp=Cidnb29nbGUubWFwcy5wbGFjZXMudjEuUGxhY2VzLlNlYXJjaFRleHQQAhgEIAA,ChIJJTpn1rZ9MEAR1SPeBBUlin4,"coffee_shop, cafe, food_store, store, food, point_of_interest, establishment",2025-12-20T11:35:43.700800
Coffee Lea,CoffeeLea Belvedere,"103 İsmayılbəy Qutqaşınlı, Bakı 1006, Azerbaijan",40.3704524,49.8206132,051 356 51 56,https://coffeelea.com/,4.9,86,N/A,OPERATIONAL,Monday: 8:30 AM – 1:00 AM | Tuesday: 8:30 AM – 1:00 AM | Wednesday: 8:30 AM – 1:00 AM | Thursday: 8:30 AM – 1:00 AM | Friday: 8:30 AM – 1:00 AM | Saturday: 9:00 AM – 1:00 AM | Sunday: 8:30 AM – 1:00 AM,https://maps.google.com/?cid=14607302175942628491&g_mp=Cidnb29nbGUubWFwcy5wbGFjZXMudjEuUGxhY2VzLlNlYXJjaFRleHQQAhgEIAA,ChIJRRg-eEJ9MEARi9TZq--Pt8o,"coffee_shop, cafe, food_store, store, food, point_of_interest, establishment",2025-12-20T11:35:44.003714
